userid,username
33,Bil
33,Bil
33,Bil
33,Bil
33,Bil
33,Bil
36,Hailey
36,Hailey
36,Hailey
36,Hailey
36,Hailey
38,Sam
38,Sam
38,Sam
38,Sam
38,Sam
38,Sam
39,Veronica
39,Veronica
39,Veronica
39,Veronica
39,Veronica
34,Chan
34,Chan
34,Chan
34,Chan
34,Chan
34,Chan
35,Dan
35,Dan
35,Dan
35,Dan
35,Dan
35,Dan
35,Dan
37,Jordyn
37,Jordyn
37,Jordyn
37,Jordyn
37,Jordyn
37,Jordyn
37,Jordyn
23,Angelica
23,Angelica
23,Angelica
23,Angelica
23,Angelica
23,Angelica
23,Angelica
